"0","# Initialize an empty data frame"
"0","germ_bern <- data.frame(response = integer(0), watrlvl = factor(), cvrd = factor())"
"0",""
"0","# Loop through each observation in the original dataset"
"0","for (i in 1:nrow(germ_full)) {"
"0","  # Get the number of germinated seeds (1's) and non-germinated seeds (0's)"
"0","  germinated <- germ_full$response[i]"
"0","  if (is.na(germinated)) next  # Skip rows with NA response"
"0","  "
"0","  not_germinated <- 100 - germinated"
"0","  "
"0","  # Create a vector for this row with 1's and 0's"
"0","  seed_data <- c(rep(1, germinated), rep(0, not_germinated))"
"0","  "
"0","  # Create a data frame with the appropriate watrlvl and cvrd factors"
"0","  temp_df <- data.frame("
"0","    response = seed_data,"
"0","    watrlvl = rep(germ_full$watrlvl[i], 100),"
"0","    cvrd = rep(germ_full$cvrd[i], 100)"
"0","  )"
"0","  "
"0","  # Bind the new data for this row to the main data frame"
"0","  germ_bern <- rbind(germ_bern, temp_df)"
"0","}"
"0",""
"0","# Print the first few rows to check"
"0","#get rid of last factor:"
"0","# Filter out rows where watrlvl is 6"
"0","germ_bern <- germ_bern[germ_bern$watrlvl != 6, ]"
"0",""
"0","germ_bern$watrlvl <- droplevels(germ_bern$watrlvl)"
"0",""
"0","head(germ_bern)"
